Predicted,Original
1.7646611,2.3987186
2.2758727,2.3797536
2.7166152,2.2909174
2.9926574,2.0160558
3.0988462,2.027225
3.4176514,1.8132598
3.2867832,1.9964458
3.4713755,1.6193439
3.372064,1.3174669
3.4174206,1.3980582
3.9507442,1.2873793
4.2009807,1.5404589
4.16446,1.5589042
3.987431,1.5152912
3.8257756,1.2151234
3.7587419,0.8753704
4.1919565,1.230757
4.7540436,1.3420473
5.155412,1.2565846
5.084482,1.2768294
4.8589683,1.414032
5.293246,1.7392395
5.4978666,1.5082284
5.6973796,1.220449
5.307153,1.315184
5.397363,1.3501519
5.436486,1.3995073
5.5935187,1.4310017
5.512909,1.9485843
5.616756,2.2176282
5.8900003,2.3351657
6.156568,2.7666733
6.2384105,2.6983654
6.256412,2.745631
6.3031816,2.9728527
6.558629,3.204638
6.7463827,4.021407
7.122176,4.294219
6.9736176,5.022595
7.2986383,5.159638
7.4501023,5.5060244
7.9696136,5.726146
7.8056602,5.943976
7.780411,6.156364
7.972742,6.0237637
8.226,6.500882
8.28361,7.0179133
8.210919,7.2077565
8.399149,7.788333
8.3288965,8.140074
8.443274,8.529175
8.361997,8.814068
8.6278715,9.26628
9.0503235,9.311751
9.599875,9.706597
9.303239,10.102866
9.328993,10.182267
9.4809675,10.465129
9.307039,10.707799
9.526591,10.780784
9.289253,11.280495
9.520649,11.312664
9.907492,11.599319
9.959893,11.663538
9.889686,11.934381
10.647975,12.217071
10.820434,12.504012
10.918744,12.730435
10.883305,13.07119
11.155927,13.243892
11.24784,13.639062
11.690846,13.892142
11.617916,13.635134
11.673083,13.406835
11.548224,14.155305
12.0089245,14.096802
11.910725,14.720317
12.245543,15.108412
12.204842,15.338074
12.608262,15.658083
12.8109865,16.074356
12.975959,16.487766
13.1845045,16.857718
13.498752,16.873987
13.420405,17.314243
13.431154,17.39212
13.474531,17.627468
13.573736,17.922754
13.547121,18.294289
13.606643,18.788124
13.901184,18.637606
14.003508,18.8457
14.103315,19.003685
13.936747,19.340256
14.432692,19.565802
14.444203,19.794365
14.67663,19.872168
14.773749,19.91121
15.056816,20.270075
14.997286,20.428825
15.076231,20.472847
14.873536,20.651436
15.325774,21.245916
15.512755,21.213484
15.781037,21.356997
16.206709,21.607899
16.395916,21.718317
16.54843,21.87809
16.546503,22.417986
16.593868,22.652466
17.103104,22.767477
17.00311,22.665018
17.254318,23.000786
17.61025,23.032625
17.71138,22.86811
17.661583,23.09284
17.751564,23.360785
17.895145,23.23737
17.852802,23.316654
18.29454,23.955996
18.421938,24.06861
18.479908,24.211084
18.750517,24.267004
18.603434,24.663994
19.309793,24.649492
19.396147,24.89493
19.51264,25.125507
19.42473,25.435324
19.710413,25.436583
19.787855,25.515913
19.623878,25.693457
20.046305,25.765318
20.34268,25.90467
20.322037,26.036444
20.368849,26.177649
20.49261,26.376307
20.844515,26.41909
20.993586,26.591452
21.123148,27.03506
21.344957,27.366718
21.305191,27.780045
21.464878,28.027332
21.617744,27.983217
21.702734,28.137512
21.776667,27.937038
21.895416,28.142124
22.174036,28.537327
22.589312,28.286549
22.590984,28.335224
22.141146,28.366081
22.731081,28.384695
22.518484,28.261915
22.568302,28.194138
22.829327,28.042078
22.462645,28.108086
22.56691,27.92608
22.7864,27.925951
22.896038,27.864445
22.950537,27.784763
23.180199,28.235037
22.969078,28.214678
23.007912,28.066582
23.099636,28.131302
23.03727,28.156628
22.935905,28.106926
23.15514,27.775291
23.1635,27.906105
23.02585,27.81514
23.00322,27.642664
23.131193,27.56804
23.157951,27.418491
23.176264,27.394903
23.21225,27.258396
23.329824,27.39547
23.117142,27.401762
23.254099,27.234203
23.260233,27.187634
23.157782,27.047907
23.107908,26.97708
23.088278,27.008816
23.293575,27.0707
23.17863,27.04916
23.263107,26.849667
23.49823,26.701502
23.402954,26.821102
23.33836,27.05185
23.291685,26.97703
23.410803,26.921518
23.87219,26.79933
23.834118,26.911736
23.982637,26.939009
24.235525,27.185068
24.130125,27.076374
23.984282,27.205523
24.05521,27.384508
24.189497,27.34412
24.209503,27.48355
23.93619,27.47588
23.959564,27.759205
24.071735,27.668758
24.133797,27.761993
24.02085,27.953499
24.02876,27.808819
24.069048,27.874886
24.129953,27.694416
24.213644,27.698908
24.071,27.994356
24.155998,27.907417
24.315287,27.924097
24.449049,27.526669
24.733864,27.7332
24.617577,27.663956
24.991056,28.063171
24.986076,27.978127
25.131132,28.168694
25.12701,28.043606
24.510458,28.359755
24.440512,27.923044
24.46573,27.784958
24.437923,27.869009
24.222677,27.753891
24.698465,27.80203
24.643652,27.87172
24.547,28.00011
24.566578,28.227596
24.8471,27.967299
24.718075,28.071972
24.754406,28.639105
24.7404,28.510363
24.622843,28.49056
24.95085,28.751259
24.971224,29.098515
24.811613,29.172867
25.130749,29.256916
25.187815,29.331255
25.355612,29.516676
25.117579,29.501781
25.284708,29.359694
25.365202,29.588614
25.58447,29.766161
25.70225,29.525677
25.79644,29.596498
26.154734,29.595783
26.606401,29.75387
26.742178,29.637394
26.892601,29.758942
26.945415,29.774046
26.6947,29.84684
26.99957,29.884834
27.159353,29.88003
27.16324,29.630465
26.759706,29.91246
26.979132,29.836523
26.790283,30.232738
27.14901,29.922483
27.089384,30.100286
27.306906,30.232988
27.334778,30.303185
26.996319,30.558027
27.177809,30.508684
26.916958,30.875675
27.080917,31.0183
26.985874,31.186552
27.308416,31.226334
27.356043,31.036648
27.204199,31.23151
27.496151,30.865559
27.328556,31.200588
27.321543,31.528221
27.3605,31.131954
27.707396,31.09109
27.472294,31.275742
28.031206,31.386429
27.995897,31.16296
28.494589,31.48668
28.597721,31.330296
28.229744,31.181482
28.348516,30.93265
28.72402,30.512701
28.901093,30.56457
28.901506,30.821012
29.267292,30.484385
29.22334,30.342743
29.279236,30.006226
29.21656,30.26392
28.898214,29.888987
28.896011,29.894575
29.050278,29.796738
29.387901,30.019012
29.876633,29.704897
29.651152,29.553654
30.246574,29.703445
30.0091,29.690788
30.080313,29.282187
30.033281,29.122356
30.172518,29.222662
30.225965,29.252914
30.13648,29.331692
30.347666,29.464285
30.084326,29.180792
30.365517,29.485533
30.800095,29.498802
30.870031,29.220093
30.995163,28.71401
31.004526,29.13765
30.748415,28.862837
30.943335,28.735004
31.434866,28.995066
31.575737,29.364954
31.088804,29.153397
31.191486,29.102829
31.181337,29.508242
31.02516,29.285028
31.286673,29.137632
31.472857,29.197899
31.375198,29.286253
31.707457,29.137333
31.393946,29.25987
31.182455,29.308405
31.51515,29.58923
31.385853,29.465734
31.069529,29.394753
31.15985,29.341324
30.957634,29.350084
31.228031,29.166332
30.78452,29.19103
30.539461,29.4822
30.3242,29.560614
30.38569,29.558537
30.10349,29.863468
29.826115,30.207548
29.695055,29.873438
29.52621,30.001427
29.362583,29.92166
29.384092,29.825142
29.201641,29.510826
29.369204,29.272573
29.41358,29.24667
28.865978,29.655716
28.60159,29.611225
28.37988,29.89278
28.616669,30.040161
28.543993,30.18419
28.485168,30.151773
28.358152,29.923275
28.368198,30.079254
27.921778,29.906387
27.930784,29.787169
27.744331,29.892807
26.884363,29.833202
26.645584,30.079351
26.604605,30.548403
26.538652,30.335344
27.02676,30.220776
26.774467,29.498816
26.584948,29.611301
26.245226,29.323694
25.743307,29.243826
25.689823,29.165699
25.879145,28.913479
25.34885,28.434765
25.553192,28.301245
25.234869,28.277225
24.705,28.159744
24.284521,28.357924
24.098236,28.295338
23.980328,27.98154
24.029062,27.869303
23.829897,27.492424
23.254353,27.205261
22.814451,27.110064
22.677643,27.206898
22.611898,27.062601
23.248188,27.082859
23.460552,26.797981
23.4099,26.730213
23.442171,26.688723
23.145191,27.008081
22.98315,27.12755
22.606417,27.083006
22.322296,27.139572
22.28756,27.521904
22.841366,27.653584
22.462612,27.97339
22.336075,27.754963
22.375484,27.761156
22.15471,27.964436
22.114132,28.362293
22.360336,29.042791
22.57714,29.195843
22.488058,29.183693
22.513117,29.318602
22.115824,29.291485
22.19289,28.65942
21.936977,28.81608
21.78004,28.897472
21.545305,29.432756
21.782072,29.696888
21.674347,29.917849
21.484459,29.902296
21.226076,29.538
20.786476,30.017323
20.424553,30.19361
20.111828,30.153433
19.897093,29.449903
19.660704,29.326088
19.501242,28.863302
19.442442,28.873692
19.32405,29.03165
19.232113,28.622969
19.22816,28.51288
19.116467,28.120132
18.856102,27.733112
18.657637,27.399267
18.310587,26.988123
18.116575,26.299519
17.964836,25.783627
18.314781,25.83321
18.205536,25.932272
17.894115,25.985943
17.3758,25.800566
17.462296,25.331509
17.094896,25.236012
16.883682,24.967632
17.086205,24.903633
17.021513,24.667698
16.840494,24.867804
16.269293,24.520733
16.042986,23.887152
15.683025,23.510206
15.540026,23.071205
15.471027,22.83058
15.557622,22.810192
15.359315,22.397804
15.419741,22.09584
15.620765,21.841274
15.286521,21.337833
15.214697,20.87963
15.045036,20.53064
14.77948,20.370033
14.705517,20.279402
14.612547,20.249966
14.741493,20.029593
14.771248,20.027534
14.473049,19.856188
13.98914,19.536922
13.761242,19.341759
13.801507,19.341658
13.754232,19.664806
13.379636,19.699316
13.617644,19.826197
13.519515,20.047104
13.604362,20.133411
13.275452,19.642431
13.053889,19.528591
13.368153,19.44195
13.197673,19.37981
12.577255,19.359747
12.6102295,19.476269
12.138375,19.409018
11.95792,19.355162
11.683563,18.763435
11.665687,18.469841
11.360079,18.230587
11.7301445,17.800585
11.619895,17.663858
11.397652,17.58053
11.235318,17.690907
11.145394,17.562328
10.963985,17.250303
10.904879,17.039118
10.938336,17.019037
10.97176,17.020102
10.734477,16.845165
10.796723,16.749645
10.489507,16.727762
10.522451,16.338984
10.290053,16.18019
10.258581,16.095123
10.500059,15.754587
10.566192,15.403257
10.488191,15.244337
10.511368,15.190801
10.623474,15.109493
10.492914,15.022672
10.698183,14.837565
10.455188,14.909612
10.689796,15.302099
10.707938,15.134751
10.59738,15.232478
10.897728,15.033656
10.593963,15.098302
10.814359,14.967496
10.824825,14.637669
10.847603,14.52037
10.959977,14.471524
11.295362,14.353703
10.613249,14.356101
10.817864,14.191088
10.683244,13.686386
10.606886,13.383978
10.57149,13.1128435
10.599335,12.900738
10.313992,12.652641
10.325864,12.482762
10.5437975,12.230816
10.553632,12.023354
10.553042,11.662192
10.319336,11.71959
10.598054,11.829287
10.457617,11.887347
10.523593,11.349481
10.480122,11.389701
10.681827,11.544874
10.432073,11.427343
10.325253,11.183177
10.224758,11.427917
10.255846,11.126713
10.26017,10.677956
10.180181,10.509576
10.171049,10.521847
9.947213,10.273475
9.953355,10.558455
9.895038,10.5893
9.897435,10.387677
9.824717,10.235887
9.95488,10.067661
9.839297,10.093182
9.805382,10.176041
9.72633,10.340119
9.717379,10.168564
9.784083,9.828392
9.584002,9.82733
9.687304,9.967959
9.6991005,10.11214
9.581297,10.103151
9.797607,10.068829
9.937314,10.0417385
9.791397,9.843342
9.799737,9.974796
9.921135,10.047842
9.63527,9.780844
9.6248665,9.751127
9.371982,10.015859
9.468552,9.815872
9.499613,9.966416
9.4485035,9.816945
9.60424,9.736332
9.5998955,9.78566
9.39247,9.660723
9.369049,9.662211
9.234887,9.643026
9.145973,9.73829
8.687944,9.595053
8.334305,9.59225
8.546384,9.478253
8.066399,9.630724
7.930914,9.952437
7.935518,9.91709
7.8231606,9.841729
7.7983184,10.054886
7.4941144,10.035651
7.9046845,9.694094
8.175101,9.861758
8.010927,9.787479
7.6881447,9.939415
7.6812067,9.738001
7.413047,9.38899
7.2721853,9.397945
6.9965987,9.378397
6.6834517,9.542225
6.614336,9.730186
6.3864126,9.507551
6.311164,9.484561
5.9631267,9.423252
5.9708076,9.338382
6.2095995,9.602783
6.034469,9.540737
6.1688786,9.390921
6.0527754,9.493064
5.9361434,9.61799
5.7636476,9.733445
5.6913958,9.552302
5.5136275,9.392032
5.758188,9.524951
5.969855,9.386951
5.9305205,9.262955
6.031316,9.10388
5.817567,8.930669
5.959306,9.042075
6.0816917,8.888274
5.6953006,8.6674385
5.5953007,8.749141
6.2530613,8.477606
6.0652866,8.430913
5.72823,8.348133
5.417051,7.82633
5.439441,7.6303744
5.356682,7.326625
5.4494104,7.3828263
5.495833,7.0494447
5.9228716,6.865233
6.0272098,6.905593
6.004753,6.970814
6.0532885,6.404149
5.7221026,6.1338916
5.599242,5.897974
5.6537066,5.6437974
5.331946,5.5015373
5.2956815,5.100495
5.4491673,5.0946374
5.4707065,4.631388
5.2522464,4.4681954
4.938288,4.2890334
4.843966,4.208604
4.7040653,3.9805155
4.739189,3.9852653
4.959608,3.7285237
4.9990096,3.663195
5.009009,3.7498198
4.670453,3.3491082
4.806053,3.2685304
5.171164,3.2506077
4.930814,3.2434702
4.4672956,2.914725
4.806082,2.9162817
4.810414,2.883317
4.70133,2.7582536
4.50706,3.1716208
4.126518,3.3941784
3.9980211,3.392837
4.067392,3.2391882
4.1939926,3.0286126
4.167143,2.9447627
4.2509675,2.467828
4.3108115,2.114914
4.312129,2.3616583
4.506708,2.2280955
3.914736,2.2092533
4.022456,2.5690894
3.86823,2.6464424
3.986369,2.9223044
4.0204067,2.9425807
4.011205,2.8099377
3.8848186,2.685583
3.7425663,2.5060725
4.0009713,2.5652676
4.047469,2.6542
3.9069963,2.6498537
4.545908,2.9533575
4.2468286,2.3633866
4.1598268,2.1479502
3.8399265,1.8194753
3.745928,1.7375202
3.9196427,1.8880142
4.258095,1.7763357
3.7650855,1.8466047
3.784721,1.7224959
3.6713977,1.7741555
3.49697,1.7403749
3.2573347,1.7838224
3.1595194,1.6421767
2.9527779,1.6676824
2.7912965,1.603462
2.6590483,1.8208066
2.6560314,1.6824983
2.0606549,1.8275063
2.1035573,1.9201179
2.1186492,1.6903827
2.2438488,1.2438916
2.3267941,1.6125916
2.314892,1.5109981
2.5429094,1.6467363
2.3482094,1.5952678
2.0910227,1.3891643
1.8152688,1.1084397
1.805815,1.1899724
1.4018266,1.2318982
1.419261,1.0949976
1.3954215,1.2459408
1.5579693,1.0602043
2.0481484,0.8298148
1.7276021,1.2002465
1.4893563,0.74250394
1.169758,1.479215
1.3387294,1.4456652
1.8364598,1.4622539
1.8951393,1.5980653
1.6511332,1.7180332
1.6519018,1.7106166
1.0934993,1.7449187
1.0164927,1.6101434
1.1147822,1.6467593
1.4291643,1.88573
1.8162639,1.8073058
1.5165476,1.9603792
1.5995467,1.803205
1.2626772,1.7059029
1.0826839,1.4806706
0.71943736,1.2818042
0.9259858,1.4823323
1.490668,1.3701911
1.216856,1.485616
1.4064498,1.0992835
1.2052199,1.2060806
1.3803512,1.1906221
0.9298192,1.3647746
1.0550258,1.610983
1.1318,1.4451858
1.310685,1.4567662
1.1052887,1.5887899
1.2554406,1.3648186
1.375865,1.3191624
1.6332856,1.2687653
1.4324263,1.228254
1.336476,1.2338885
1.0478057,1.2126265
1.3124532,1.6834183
1.5453764,1.758676
1.2412502,1.9865668
0.68363386,2.1679416
0.9519696,2.0710847
1.0054268,2.1214786
1.2805519,2.1177852
1.424242,1.6362472
1.4927198,1.8003939
1.1073716,1.3159692
1.3915873,1.4345526
1.6098406,1.5032907
1.8284465,1.3913214
1.7648575,1.6586988
1.6691554,1.5684472
1.7369694,1.4348738
1.7760344,1.2445544
1.9821315,1.391289
2.1273856,1.6439483
2.575605,1.6463469
2.1302624,1.4879755
2.3281069,1.5404428
2.7220192,1.995403
3.121216,2.09225
3.2238522,2.0046241
3.113096,1.9450053
2.755688,1.7784737
2.781673,1.9672
2.5989358,2.0635905
2.916153,2.7866485
3.1004608,2.8161526
3.2921283,3.1218712
3.8614216,3.304733
3.8335228,3.5141284
3.8313825,3.3127089
3.8209305,3.5839171
3.8401074,4.3732047
3.8463748,4.734158
4.3798366,4.9546404
4.4503365,5.3648615
4.550631,5.6539254
5.2812543,6.089892
5.342323,6.383318
5.539218,6.4596086
5.5490804,6.4823823
5.50669,6.319673
5.6553874,6.212171
5.634503,6.6160583
5.555399,7.138614
5.8124547,7.5597334
5.979801,7.83407
6.3536267,8.058278
6.1146398,8.269267
6.4636083,8.699055
6.7857585,8.537682
7.117815,8.727386
6.955819,9.06836
6.9129457,9.175079
7.072747,9.3054285
6.8257527,9.620484
7.1258616,9.6710615
7.1672335,9.825399
7.1845865,10.19891
7.59158,10.448721
7.8753295,9.978086
7.9875464,9.945552
8.04027,10.447845
8.501327,10.492481
8.493097,10.970602
8.411204,11.461073
8.859855,11.782094
8.950319,11.92841
8.975,12.256475
9.192643,12.2608385
9.234925,12.528179
9.517111,12.885954
9.319772,13.264953
9.697982,13.74154
9.747756,13.962846
9.95331,14.5585
9.952309,14.577709
10.268995,15.320004
10.630991,15.588442
10.925907,16.058147
11.001572,16.236935
10.757165,16.289291
11.169911,16.628447
11.038194,17.129694
11.404604,17.314226
11.3062105,17.656502
11.47186,17.692234
11.544482,18.314262
11.939433,18.611814
11.627816,18.592436
11.45824,19.046234
12.050694,19.658241
12.344232,19.81297
12.569252,19.675896
12.89035,20.015144
12.825492,20.406706
13.135073,20.523184
13.300107,20.817875
13.307619,21.357292
13.439585,21.637371
13.60901,22.033129
13.820795,22.27209
13.9167795,22.908281
13.969916,22.48307
14.366546,22.778852
14.639166,23.362114
14.8083105,24.24047
14.771916,24.58182
15.020354,24.506262
15.260782,24.534725
15.322745,25.127197
15.362259,25.081942
15.250319,25.30343
15.252244,25.572556
15.259288,25.79621
15.582798,26.40431
15.763749,26.584724
16.176355,26.889824
16.185062,27.070496
16.584108,27.517902
16.663242,27.784124
16.818722,28.17659
16.877457,28.716808
17.27686,29.095549
17.23996,29.435759
17.393824,29.60687
17.466377,29.99193
17.637428,30.352957
18.22783,30.707863
18.534534,31.169569
18.743908,31.759258
18.89475,31.654022
18.960167,32.16005
19.384487,32.37476
19.796568,32.85654
19.926615,32.984055
19.892124,33.4207
19.945995,33.535736
20.283623,33.994278
20.58257,33.998116
20.794619,34.311436
20.82283,34.28864
20.62431,34.47712
21.040384,34.32202
20.995861,34.41967
21.193811,34.49508
21.209627,34.69435
21.260443,34.443367
21.454302,34.27471
21.907093,34.416294
21.909067,34.309296
21.999325,33.77998
22.259886,33.726357
22.442194,33.557186
22.27715,33.59311
22.371723,33.41512
22.502306,33.541565
22.458763,33.63923
22.796654,33.445236
22.617056,33.471233
22.679386,33.22646
23.00868,33.22052
22.704592,32.898636
22.794075,33.045578
22.995008,32.9076
23.32525,32.78838
23.405132,32.90077
23.464657,32.808563
23.335674,32.79809
23.41284,32.529125
23.397123,32.37225
23.464586,32.213093
23.444958,32.31278
23.67667,32.010838
23.865005,31.965263
23.599646,31.859581
23.76306,31.805847
23.872585,31.465105
23.881212,31.43597
23.845646,31.3548
24.34734,31.14057
24.394491,31.074268
24.378317,30.970362
24.750149,30.824375
24.923191,30.474493
24.729996,30.891375
24.976994,30.619509
25.089664,30.625378
25.254097,30.583141
25.352703,30.571518
25.107454,30.720087
25.529118,30.394825
25.640509,30.452732
25.537613,30.793888
25.664005,30.601381
25.646334,30.695673
25.800615,30.862755
25.764723,30.64459
25.50675,30.473799
25.539711,30.618862
25.75159,30.531338
25.67596,30.609808
25.815899,30.903933
26.159473,30.695074
26.399899,30.938349
26.554008,31.454493
26.313677,31.468164
26.603228,31.473936
26.271406,31.805656
26.319803,31.795305
26.274645,31.557741
26.244614,31.523031
26.158247,31.750269
25.741835,31.656847
25.550001,31.994383
25.80995,32.365997
25.798738,32.79649
25.583788,32.7563
25.64671,33.01562
25.590303,32.73294
25.517061,33.351894
25.477747,33.351173
25.827976,33.46729
25.746542,33.92462
25.599699,33.881935
25.560278,34.313763
25.70928,34.729233
25.44588,35.14286
25.326632,35.24762
25.108526,35.492573
25.126013,35.843655
25.263119,35.814335
24.897034,35.915012
24.686176,36.006325
24.88019,36.120625
25.199997,36.048565
25.078064,35.964897
25.162615,36.252205
25.130882,36.614532
24.914341,36.621803
24.994852,36.744617
25.037487,37.011658
24.94446,37.32001
24.701487,37.588562
24.958052,38.142258
24.559256,38.014248
24.7922,38.28499
24.651705,38.295822
24.45631,38.64647
24.317179,38.979652
24.105947,39.47229
23.958698,39.175694
24.350264,39.33409
24.289494,39.69977
24.37241,40.234264
24.212662,40.247
24.18405,40.472748
24.089207,40.611713
23.813871,40.666683
23.44754,40.641983
23.354559,40.901207
23.562185,40.63788
23.379433,40.529396
23.621891,40.460304
23.75633,40.73074
23.886166,40.89649
23.90074,40.762535
23.932415,40.97946
23.846334,40.93841
24.026255,41.065372
24.263498,41.162117
24.635357,41.13811
24.840929,40.92935
24.753906,40.99244
24.940275,40.761948
24.867502,40.2336
25.390408,40.010292
25.267838,39.976173
25.369003,39.72996
25.55702,39.272366
25.484747,38.81909
25.302155,38.604794
25.415707,38.574608
25.427044,38.0006
25.016636,37.939667
25.5592,37.30722
25.611906,36.921127
25.783957,36.10517
26.38354,36.264267
26.248543,35.8738
26.19306,35.45776
26.423752,34.980984
26.474684,34.474247
26.776085,34.64489
27.140566,34.26134
27.166294,33.828373
27.16091,33.370266
27.180424,33.45577
27.619368,33.249367
27.66314,32.80666
27.749151,32.464787
27.802204,32.164375
27.767754,32.106163
28.220392,31.998604
28.621857,32.062622
28.815561,32.66716
28.528296,32.245956
28.808695,32.094593
29.009054,32.079254
29.024164,32.013657
29.22678,31.53347
29.28914,31.534994
29.395025,31.49545
29.634653,31.166452
29.567816,31.266743
29.783129,31.190708
29.882774,31.58933
30.404135,31.347672
29.873665,31.085102
30.205826,30.683765
30.361767,31.26328
30.19174,30.997683
30.38391,30.48842
30.223255,30.76109
30.613085,30.478392
30.470768,30.351585
30.186403,30.35699
30.171984,30.552069
30.26147,30.311558
30.228949,30.431967
30.348354,30.531649
29.755102,30.39456
29.540833,30.342707
29.815107,29.852396
30.214808,29.519451
30.288729,29.467657
30.122671,29.647448
29.566778,29.530197
29.788641,30.109655
29.575027,29.889116
29.562647,29.457823
29.377733,29.583208
29.607565,29.032799
29.559557,28.929272
29.581501,28.573832
29.252768,28.638382
28.618376,28.675142
28.367447,29.00127
28.373747,29.032818
28.454725,28.927715
29.158356,28.6586
29.385817,28.73311
28.672756,28.789745
28.210175,28.879532
28.267752,29.123121
28.049349,29.203556
28.163242,28.982311
28.571383,28.579237
28.699919,28.332571
28.636354,28.142368
28.081339,28.152275
27.928286,28.583939
27.805683,28.576958
28.029293,28.752235
27.837027,28.548618
27.394775,28.394596
27.381016,28.030851
26.841988,27.41521
26.900152,27.549297
27.181011,27.735323
27.238056,27.795376
27.330027,27.054976
27.464445,27.135809
27.006807,27.204163
26.86702,27.180363
26.459024,27.317398
26.444992,27.328213
26.409212,27.460272
26.071232,27.751354
26.125626,27.486288
26.47311,27.692392
26.277351,27.202547
26.645596,27.094028
26.471823,27.138393
26.09068,27.233654
26.150774,27.597982
25.891586,27.824358
25.87951,27.572208
25.879072,27.493546
26.21378,27.558826
25.862013,27.518019
25.40428,27.270924
25.347275,26.96451
25.25019,27.237698
25.35169,27.345798
24.794313,27.250185
24.478912,27.107948
24.342573,26.749533
24.049625,27.034695
24.046503,27.244978
23.707174,26.806608
23.497143,26.184727
23.27497,26.096268
23.111298,25.732414
23.09367,25.52663
22.914307,25.80821
22.851692,25.515596
22.595675,25.638624
22.401346,25.356949
22.232851,24.893925
21.897856,24.639965
21.785173,24.09742
21.55251,23.610195
21.346472,23.158676
21.362846,23.35696
21.377485,23.503653
20.461016,23.188795
20.175737,23.216883
20.04375,22.841824
19.424438,22.98544
19.571795,22.990633
19.512903,23.21191
19.885212,22.735277
19.448254,22.607351
18.9989,22.29405
18.824688,21.772854
18.520609,21.685062
18.013477,21.170698
17.687935,21.087091
17.67621,21.048937
17.63025,20.613375
17.459328,20.068943
17.727745,19.95702
17.84352,19.28621
17.871817,18.806473
17.780779,18.579058
17.202265,18.089767
17.260832,17.718307
17.061583,17.855137
17.135338,17.672874
17.101038,17.422056
17.276978,17.14824
16.872677,16.609941
16.475107,15.982102
16.414429,16.004662
16.062702,15.99308
16.048,15.655869
15.889808,15.535956
16.053682,15.536773
16.328955,15.268294
16.041662,14.794482
16.214323,14.422134
16.213776,13.870317
16.084694,13.842437
15.999494,13.7876215
15.846441,13.778254
15.732104,13.517415
15.939302,13.192964
15.753161,12.824861
15.766747,12.274867
15.730738,11.821713
15.960076,11.482004
16.085123,11.565984
16.002274,11.502624
15.925344,11.366266
15.8103285,11.528388
15.696922,11.363662
15.658016,11.298374
16.011992,11.52901
15.866349,11.235666
16.105694,11.249269
16.156364,11.320042
16.097544,11.373985
15.916682,11.334033
15.847144,11.444616
15.630195,11.158082
15.712522,11.075505
15.927523,11.024103
15.927169,10.403316
16.192131,10.385247
15.997654,10.330154
16.027332,10.253163
15.7491665,10.396372
15.906343,10.339787
15.78641,10.5576105
15.786014,10.334476
15.831059,10.5241995
15.343696,10.425175
15.287914,10.287495
15.303414,9.890008
15.214396,9.802059
15.239855,9.554324
15.035179,9.819781
15.028916,9.72403
14.875533,9.915131
14.850069,9.827244
14.832191,9.5645685
14.669691,9.647355
14.741906,9.391804
14.588302,9.284706
14.362549,9.419552
14.190119,9.339026
13.986285,9.532637
13.96838,9.484542
13.783677,9.499988
13.773555,9.430845
13.771843,9.801627
13.638314,9.675401
13.634747,9.806438
13.382912,9.406701
13.116217,9.373952
12.854144,9.315312
12.651234,9.310816
12.747747,9.278682
12.71376,9.270902
12.307728,8.7403
12.074446,8.794131
11.683445,8.927879
11.562886,8.611213
11.542099,8.625847
11.410301,8.556638
11.266149,8.542623
11.098934,8.4906435
11.214209,8.313476
11.183596,8.384685
11.111302,8.367634
10.955559,8.148131
10.89432,8.018201
10.780266,7.9172726
10.589229,7.970462
10.191337,7.839896
10.234516,7.9877887
9.9589405,7.9362097
10.129844,7.7478156
10.199145,8.000027
9.673753,7.9806333
9.234624,7.9304886
9.275089,8.0028
9.521456,8.04295
9.2937975,7.83077
9.089966,7.99502
8.978084,7.870302
9.095854,7.7229495
8.842212,7.516826
8.764119,7.81278
8.521178,7.4635215
8.332778,7.5782685
8.015593,7.460329
7.883878,7.2194805
7.648961,7.1355705
7.6038465,7.231955
7.552112,7.1988564
7.49444,6.9933105
7.367617,6.9183245
7.1289916,7.2648835
7.1715307,6.9579077
7.3242607,7.2662244
7.1778383,7.240716
7.1857605,7.3874373
7.189952,7.3226595
7.404675,7.1955795
7.215465,7.157242
6.9991827,7.120385
6.8609753,7.21152
6.700354,7.130439
6.3329825,7.1909146
6.211914,7.234405
6.089913,6.947591
5.8340235,7.3538494
5.6222787,7.207344
5.376279,7.475088
5.572809,7.18044
5.348968,7.3645015
5.481459,7.2731524
5.3109894,7.3655324
5.2607455,7.1542406
5.1205606,7.2329555
5.1365876,7.5222807
4.9382668,7.5397124
5.1177206,7.4598117
4.845406,7.4783278
4.973728,7.2969227
5.1110153,7.54065
5.397447,7.2778606
4.959307,7.2124534
4.93259,7.381574
4.8974786,7.6216135
5.1995397,7.584192
5.140013,7.576178
5.0965824,7.76148
5.01082,7.575438
5.1114807,7.716212
4.9341097,7.4620113
4.841916,7.4630075
4.7534204,7.2279963
4.942761,7.399837
4.81568,7.419911
4.748197,7.407997
5.033865,7.429667
5.1570287,7.641839
5.464385,7.1631536
5.452062,7.3586392
4.9195404,7.2090487
4.8965545,7.1118727
5.159101,6.8355794
5.3659678,6.8857403
5.2375145,6.626077
5.0586133,6.1514573
5.238043,6.1697836
4.922075,5.9045463
4.580561,5.6564803
4.2758045,5.5676103
4.0224276,5.426286
4.212176,5.3271365
4.590566,5.253126
4.5427823,5.0073276
4.773623,5.207424
4.709399,4.969813
4.753714,4.814635
4.4092307,4.724668
4.48434,4.4300084
4.2768526,4.549069
4.624729,4.267059
4.405977,4.3153386
4.177643,4.33049
4.246216,4.332217
4.3180733,4.33282
4.431582,4.2142143
4.306132,4.0557103
4.357683,3.8341718
4.6022277,3.797963
4.484068,3.6469421
4.1801887,3.4239137
4.2972126,3.332453
4.369386,3.0341034
4.012201,3.2457094
3.9486854,3.1230216
3.6489208,3.2788785
3.736227,3.3108878
3.6635873,3.6470256
3.9573884,3.3270526
4.0400047,3.515305
4.072105,3.42917
4.02718,3.2574792
3.8253934,3.2869754
3.8817935,3.4744396
3.9291508,3.413115
4.010707,2.8168697
3.8416703,2.3054059
3.6634648,2.0358136
3.7276049,2.193214
3.8408554,2.3975892
4.023786,2.0935519
4.018144,2.0775514
3.618536,2.1162553
3.4208438,2.1354618
3.229772,2.117293
2.9206152,2.198963
3.0979092,2.1896307
2.6843092,2.244962
3.0153446,2.4129915
3.0814195,2.2105742
2.577684,2.1399786
2.2518744,2.3364484
2.1210306,2.5523062
1.9890772,2.1975677
2.2776234,2.1161733
2.4305036,2.0725625
2.552549,1.9355488
2.5319695,2.0949078
2.2384841,1.9997842
2.230505,1.9443511
1.5914624,1.9058367
1.5595973,2.0291398
1.3541815,1.9960079
1.5457398,1.9654088
1.9044433,1.810901
2.1082835,1.4208716
2.0313478,1.0895407
1.8320466,1.4208051
1.802398,1.477222
1.5369983,1.7765461
1.7797236,1.9653825
1.8155618,1.8673369
1.8274304,2.1112146
1.8736022,2.011617
1.909266,1.9786267
1.6817459,1.8577833
1.6040246,1.8420058
1.4240324,1.7421672
2.039119,1.9088825
1.8862913,1.9319774
2.1560392,2.1198337
1.9512366,1.9854321
1.7618266,2.02472
1.661846,1.8229979
1.2223691,1.634149
1.2512546,1.3865921
1.4305232,1.0588791
1.8506697,0.9192544
1.4258776,1.0500681
1.2511725,0.7309611
1.223153,0.9748354
1.2004081,1.0199594
1.291498,1.3059253
1.0614215,1.1900085
1.1535028,1.2293555
1.0024151,1.3291218
1.0273757,1.2423337
1.2235092,1.2994183
1.5069575,1.168592
1.6047844,1.0085485
1.6604345,1.0376315
1.659443,0.766749
1.9552225,1.1593243
1.8959482,1.3864895
1.5672241,1.3869368
